id_maintenance,kode_barang,tanggal_maintenance,jenis_maintenance,teknisi,catatan
M0001,T202,2023-10-15,Penggantian Part,Pak Deni,Maintenance
M0002,T202,2023-09-05,Perbaikan,Pak Budi,Maintenance
M0003,T202,2024-12-17,Penggantian Part,Pak Andi,Maintenance
M0004,T202,2024-07-11,Perbaikan,Pak Andi,Maintenance
M0005,T204,2023-05-10,Servis Rutin,Pak Andi,Maintenance
M0006,T408,2025-09-02,Perbaikan,Pak Andi,Maintenance
M0007,T413,2024-08-13,Servis Rutin,Pak Deni,Maintenance
M0008,C401,2023-11-28,Perbaikan,Pak Andi,Maintenance
M0009,C401,2024-06-13,Pembersihan,Pak Deni,Maintenance
M0010,C401,2024-09-19,Servis Rutin,Pak Andi,Maintenance
M0011,C401,2025-08-13,Servis Rutin,Pak Budi,Maintenance
M0012,C401,2025-02-07,Pembersihan,Pak Budi,Maintenance
M0013,C401,2023-08-26,Pembersihan,Pak Deni,Maintenance
M0014,C401,2025-04-27,Pembersihan,Pak Deni,Maintenance
M0015,C401,2023-04-30,Perbaikan,Pak Andi,Maintenance
M0016,C401,2025-06-25,Servis Rutin,Pak Budi,Maintenance
M0017,C401,2024-10-06,Servis Rutin,Pak Deni,Maintenance
M0018,C401,2024-08-16,Penggantian Part,Pak Budi,Maintenance
M0019,C401,2023-06-16,Penggantian Part,Pak Andi,Maintenance
M0020,C401,2025-05-22,Pembersihan,Pak Andi,Maintenance
M0021,C404,2024-12-18,Perbaikan,Pak Andi,Maintenance
M0022,C405,2024-06-27,Servis Rutin,Pak Andi,Maintenance
M0023,C604,2024-08-16,Perbaikan,Pak Budi,Maintenance
M0024,C604,2024-03-25,Penggantian Part,Pak Deni,Maintenance
M0025,C604,2025-05-02,Pembersihan,Pak Deni,Maintenance
M0026,C604,2024-08-29,Pembersihan,Pak Deni,Maintenance
M0027,C606,2025-06-25,Penggantian Part,Pak Andi,Maintenance
M0028,TR01,2023-05-18,Penggantian Part,Pak Deni,Maintenance
M0029,TR01,2024-04-16,Perbaikan,Pak Budi,Maintenance
M0030,TR01,2023-08-16,Pembersihan,Pak Deni,Maintenance
M0031,TR01,2024-10-03,Penggantian Part,Pak Andi,Maintenance
M0032,TR01,2023-04-01,Penggantian Part,Pak Andi,Maintenance
M0033,TR01,2024-11-06,Pembersihan,Pak Budi,Maintenance
M0034,TR01,2023-11-25,Servis Rutin,Pak Andi,Maintenance
M0035,TR01,2025-12-28,Penggantian Part,Pak Andi,Maintenance
M0036,TR01,2023-10-12,Perbaikan,Pak Budi,Maintenance
M0037,TR01,2023-07-04,Servis Rutin,Pak Budi,Maintenance
M0038,TR01,2023-05-13,Penggantian Part,Pak Deni,Maintenance
M0039,TR01,2023-04-25,Servis Rutin,Pak Budi,Maintenance
M0040,TR01,2023-04-01,Penggantian Part,Pak Andi,Maintenance
M0041,TR01,2024-12-26,Servis Rutin,Pak Budi,Maintenance
M0042,TR01,2023-09-03,Perbaikan,Pak Andi,Maintenance
M0043,TR01,2023-07-08,Penggantian Part,Pak Andi,Maintenance
M0044,TR01,2023-03-13,Penggantian Part,Pak Budi,Maintenance
M0045,TR01,2024-05-17,Perbaikan,Pak Deni,Maintenance
M0046,TR01,2025-11-10,Pembersihan,Pak Deni,Maintenance
M0047,TR01,2023-05-13,Pembersihan,Pak Budi,Maintenance
M0048,TR01,2023-08-23,Penggantian Part,Pak Budi,Maintenance
M0049,TR01,2023-04-10,Pembersihan,Pak Andi,Maintenance
M0050,TR01,2024-10-29,Pembersihan,Pak Budi,Maintenance
M0051,TR01,2025-06-02,Perbaikan,Pak Budi,Maintenance
M0052,TR01,2025-11-08,Pembersihan,Pak Budi,Maintenance
M0053,TR01,2023-06-25,Perbaikan,Pak Andi,Maintenance
M0054,TR01,2023-08-15,Perbaikan,Pak Deni,Maintenance
M0055,TR01,2024-12-20,Perbaikan,Pak Deni,Maintenance
M0056,TR01,2025-09-10,Servis Rutin,Pak Andi,Maintenance
M0057,TR01,2025-08-29,Perbaikan,Pak Andi,Maintenance
M0058,TR01,2024-07-08,Servis Rutin,Pak Budi,Maintenance
M0059,TR01,2024-09-07,Perbaikan,Pak Budi,Maintenance
M0060,TR01,2023-05-12,Perbaikan,Pak Budi,Maintenance
M0061,TR01,2023-08-04,Penggantian Part,Pak Andi,Maintenance
M0062,TR01,2025-12-13,Servis Rutin,Pak Deni,Maintenance
M0063,TR01,2023-06-15,Servis Rutin,Pak Budi,Maintenance
M0064,TR01,2023-08-02,Penggantian Part,Pak Budi,Maintenance
M0065,TR01,2023-11-02,Penggantian Part,Pak Andi,Maintenance
M0066,TR01,2024-08-19,Pembersihan,Pak Andi,Maintenance
M0067,TR01,2023-08-01,Perbaikan,Pak Budi,Maintenance
M0068,TR01,2024-02-01,Servis Rutin,Pak Budi,Maintenance
M0069,TR01,2024-05-23,Pembersihan,Pak Andi,Maintenance
M0070,TR01,2025-04-25,Pembersihan,Pak Budi,Maintenance
M0071,TR01,2024-10-08,Pembersihan,Pak Deni,Maintenance
M0072,TR01,2024-12-02,Penggantian Part,Pak Budi,Maintenance
M0073,TR01,2024-09-17,Perbaikan,Pak Deni,Maintenance
M0074,TR01,2025-07-15,Pembersihan,Pak Andi,Maintenance
M0075,TR01,2023-12-27,Servis Rutin,Pak Budi,Maintenance
M0076,TR01,2025-05-30,Perbaikan,Pak Budi,Maintenance
M0077,TR01,2024-09-11,Pembersihan,Pak Andi,Maintenance
M0078,TR01,2024-06-06,Servis Rutin,Pak Andi,Maintenance
M0079,TR01,2024-06-29,Servis Rutin,Pak Andi,Maintenance
M0080,TR01,2023-07-26,Servis Rutin,Pak Deni,Maintenance
M0081,TR01,2025-05-19,Perbaikan,Pak Andi,Maintenance
M0082,TR01,2023-09-15,Pembersihan,Pak Andi,Maintenance
M0083,TR01,2023-12-26,Servis Rutin,Pak Deni,Maintenance
M0084,TR01,2025-10-18,Servis Rutin,Pak Budi,Maintenance
M0085,TR01,2024-06-01,Perbaikan,Pak Andi,Maintenance
M0086,TR01,2024-11-09,Perbaikan,Pak Budi,Maintenance
M0087,TR01,2025-02-27,Servis Rutin,Pak Budi,Maintenance
M0088,TR01,2025-04-19,Perbaikan,Pak Andi,Maintenance
M0089,TR01,2024-10-30,Servis Rutin,Pak Andi,Maintenance
M0090,TR01,2024-12-20,Servis Rutin,Pak Andi,Maintenance
M0091,TR01,2025-03-15,Pembersihan,Pak Deni,Maintenance
M0092,TR01,2025-04-29,Pembersihan,Pak Andi,Maintenance
M0093,TR07,2023-05-17,Servis Rutin,Pak Deni,Maintenance
M0094,TR07,2025-01-02,Servis Rutin,Pak Budi,Maintenance
M0095,TR07,2023-10-24,Perbaikan,Pak Budi,Maintenance
M0096,TR07,2023-12-03,Perbaikan,Pak Deni,Maintenance
M0097,TR07,2024-06-22,Servis Rutin,Pak Deni,Maintenance
M0098,TR07,2023-05-23,Penggantian Part,Pak Budi,Maintenance
M0099,TR07,2024-11-08,Pembersihan,Pak Deni,Maintenance
M0100,TR08,2024-08-04,Penggantian Part,Pak Deni,Maintenance
M0101,TR08,2024-03-12,Pembersihan,Pak Deni,Maintenance
M0102,TP02,2024-04-08,Servis Rutin,Pak Budi,Maintenance
M0103,TP07,2024-11-20,Perbaikan,Pak Deni,Maintenance
M0104,TP07,2026-01-01,Perbaikan,Pak Andi,Maintenance
M0105,TP07,2024-02-27,Penggantian Part,Pak Andi,Maintenance
M0106,TP07,2024-08-27,Pembersihan,Pak Andi,Maintenance
M0107,TP07,2024-11-23,Pembersihan,Pak Budi,Maintenance
M0108,TP08,2025-07-30,Pembersihan,Pak Deni,Maintenance
M0109,TP08,2024-07-28,Perbaikan,Pak Budi,Maintenance
M0110,TP08,2025-07-13,Perbaikan,Pak Budi,Maintenance
M0111,S10,2024-01-01,Penggantian Part,Pak Deni,Maintenance
M0112,S10,2025-08-11,Servis Rutin,Pak Budi,Maintenance
M0113,S10,2025-12-20,Servis Rutin,Pak Andi,Maintenance
M0114,S10,2024-11-25,Pembersihan,Pak Andi,Maintenance
M0115,S10,2024-06-11,Servis Rutin,Pak Budi,Maintenance
M0116,S10,2025-07-21,Servis Rutin,Pak Budi,Maintenance
M0117,S10,2025-03-21,Perbaikan,Pak Andi,Maintenance
M0118,S10,2025-11-05,Perbaikan,Pak Budi,Maintenance
M0119,S19,2024-03-12,Perbaikan,Pak Budi,Maintenance
M0120,M01,2023-04-26,Perbaikan,Pak Deni,Maintenance
M0121,M03,2025-03-01,Pembersihan,Pak Andi,Maintenance
M0122,M03,2023-12-08,Perbaikan,Pak Andi,Maintenance
M0123,M05,2024-08-25,Perbaikan,Pak Andi,Maintenance
M0124,M05,2023-03-25,Penggantian Part,Pak Deni,Maintenance
M0125,M05,2025-03-07,Pembersihan,Pak Andi,Maintenance
M0126,M05,2024-02-06,Pembersihan,Pak Deni,Maintenance
M0127,M05,2024-09-26,Penggantian Part,Pak Budi,Maintenance
M0128,M05,2023-11-13,Perbaikan,Pak Deni,Maintenance
M0129,M05,2025-09-14,Pembersihan,Pak Andi,Maintenance
M0130,M05,2024-10-16,Penggantian Part,Pak Deni,Maintenance
M0131,M05,2025-07-29,Pembersihan,Pak Andi,Maintenance
M0132,M05,2024-04-05,Perbaikan,Pak Andi,Maintenance
M0133,M05,2023-05-27,Servis Rutin,Pak Budi,Maintenance
M0134,M05,2024-01-03,Perbaikan,Pak Deni,Maintenance
M0135,M05,2024-05-09,Pembersihan,Pak Deni,Maintenance
M0136,M05,2023-09-10,Perbaikan,Pak Andi,Maintenance
M0137,M05,2025-09-28,Pembersihan,Pak Budi,Maintenance
M0138,M05,2025-08-31,Perbaikan,Pak Budi,Maintenance
M0139,M05,2025-07-09,Penggantian Part,Pak Andi,Maintenance
M0140,M05,2025-06-10,Servis Rutin,Pak Andi,Maintenance
M0141,M05,2025-12-11,Servis Rutin,Pak Andi,Maintenance
M0142,M05,2023-04-26,Servis Rutin,Pak Budi,Maintenance
M0143,M05,2025-12-31,Penggantian Part,Pak Budi,Maintenance
M0144,M05,2023-05-29,Servis Rutin,Pak Deni,Maintenance
M0145,M05,2025-01-26,Perbaikan,Pak Deni,Maintenance
M0146,M05,2025-08-14,Penggantian Part,Pak Andi,Maintenance
M0147,M05,2024-10-09,Pembersihan,Pak Andi,Maintenance
M0148,M09,2025-11-10,Servis Rutin,Pak Deni,Maintenance
M0149,M09,2025-09-21,Perbaikan,Pak Budi,Maintenance
M0150,M09,2024-08-25,Penggantian Part,Pak Budi,Maintenance
M0151,M09,2025-06-22,Pembersihan,Pak Budi,Maintenance
M0152,M09,2024-02-29,Perbaikan,Pak Deni,Maintenance
M0153,M09,2025-03-29,Penggantian Part,Pak Deni,Maintenance
M0154,M09,2025-09-09,Servis Rutin,Pak Deni,Maintenance
M0155,M09,2023-11-10,Penggantian Part,Pak Budi,Maintenance
M0156,M09,2025-02-07,Pembersihan,Pak Deni,Maintenance
M0157,M09,2023-03-26,Pembersihan,Pak Budi,Maintenance
M0158,M09,2024-07-08,Pembersihan,Pak Budi,Maintenance
M0159,M09,2025-12-03,Penggantian Part,Pak Deni,Maintenance
M0160,M09,2024-06-03,Penggantian Part,Pak Deni,Maintenance
M0161,M09,2025-11-14,Pembersihan,Pak Deni,Maintenance
M0162,M09,2023-05-07,Servis Rutin,Pak Deni,Maintenance
M0163,M09,2025-05-29,Perbaikan,Pak Budi,Maintenance
M0164,M09,2023-12-25,Servis Rutin,Pak Andi,Maintenance
M0165,M09,2024-02-20,Servis Rutin,Pak Budi,Maintenance
M0166,M09,2024-08-05,Pembersihan,Pak Andi,Maintenance
M0167,M09,2025-03-25,Perbaikan,Pak Deni,Maintenance
M0168,M09,2023-09-13,Perbaikan,Pak Andi,Maintenance
M0169,M09,2024-11-04,Perbaikan,Pak Budi,Maintenance
M0170,M09,2024-03-02,Perbaikan,Pak Andi,Maintenance
M0171,M09,2024-04-25,Servis Rutin,Pak Budi,Maintenance
M0172,M09,2024-08-26,Penggantian Part,Pak Budi,Maintenance
M0173,M09,2025-04-06,Penggantian Part,Pak Andi,Maintenance
M0174,M09,2024-03-11,Penggantian Part,Pak Andi,Maintenance
M0175,M09,2024-04-02,Pembersihan,Pak Budi,Maintenance
M0176,M09,2023-08-29,Penggantian Part,Pak Andi,Maintenance
M0177,M09,2025-12-08,Servis Rutin,Pak Deni,Maintenance
M0178,M09,2025-06-25,Servis Rutin,Pak Budi,Maintenance
M0179,M09,2023-10-01,Servis Rutin,Pak Andi,Maintenance
M0180,M09,2023-06-09,Penggantian Part,Pak Budi,Maintenance
M0181,M09,2024-09-23,Pembersihan,Pak Andi,Maintenance
M0182,M09,2025-09-24,Penggantian Part,Pak Andi,Maintenance
M0183,M10,2023-10-12,Pembersihan,Pak Andi,Maintenance
M0184,M10,2025-04-10,Pembersihan,Pak Budi,Maintenance
M0185,M10,2024-05-02,Perbaikan,Pak Deni,Maintenance
M0186,M10,2026-01-15,Perbaikan,Pak Budi,Maintenance
M0187,M10,2025-07-13,Perbaikan,Pak Budi,Maintenance
M0188,M10,2025-07-11,Perbaikan,Pak Budi,Maintenance
M0189,M12,2024-09-11,Perbaikan,Pak Andi,Maintenance
M0190,M12,2025-09-04,Perbaikan,Pak Budi,Maintenance
M0191,M12,2023-04-28,Pembersihan,Pak Deni,Maintenance
M0192,M12,2023-10-01,Perbaikan,Pak Budi,Maintenance
M0193,M22,2024-03-14,Perbaikan,Pak Budi,Maintenance
M0194,M22,2025-08-27,Penggantian Part,Pak Andi,Maintenance
M0195,M22,2025-11-28,Perbaikan,Pak Deni,Maintenance
M0196,M22,2025-07-01,Perbaikan,Pak Budi,Maintenance
M0197,M22,2025-03-23,Penggantian Part,Pak Budi,Maintenance
M0198,M22,2024-10-08,Penggantian Part,Pak Budi,Maintenance
M0199,M22,2025-02-05,Penggantian Part,Pak Deni,Maintenance
M0200,M24,2023-09-23,Penggantian Part,Pak Budi,Maintenance
M0201,M24,2025-09-02,Penggantian Part,Pak Budi,Maintenance
M0202,M24,2025-12-04,Pembersihan,Pak Budi,Maintenance
M0203,M24,2024-04-06,Perbaikan,Pak Budi,Maintenance
M0204,M29,2025-12-25,Pembersihan,Pak Budi,Maintenance
M0205,M29,2024-09-30,Penggantian Part,Pak Andi,Maintenance
M0206,M35,2024-03-28,Perbaikan,Pak Andi,Maintenance
M0207,M35,2025-01-19,Pembersihan,Pak Budi,Maintenance
M0208,M35,2024-10-24,Pembersihan,Pak Deni,Maintenance
M0209,M35,2023-05-24,Perbaikan,Pak Budi,Maintenance
M0210,M35,2023-04-18,Pembersihan,Pak Budi,Maintenance
M0211,M35,2023-05-08,Perbaikan,Pak Budi,Maintenance
M0212,M35,2024-06-21,Servis Rutin,Pak Budi,Maintenance
M0213,M35,2023-07-25,Servis Rutin,Pak Andi,Maintenance
M0214,M35,2025-12-10,Pembersihan,Pak Andi,Maintenance
M0215,M35,2023-10-07,Penggantian Part,Pak Budi,Maintenance
M0216,M35,2023-06-03,Perbaikan,Pak Budi,Maintenance
M0217,M35,2025-08-13,Penggantian Part,Pak Andi,Maintenance
M0218,M35,2023-10-05,Pembersihan,Pak Deni,Maintenance
M0219,M35,2023-05-19,Servis Rutin,Pak Andi,Maintenance
M0220,M35,2025-11-07,Servis Rutin,Pak Andi,Maintenance
M0221,M35,2025-01-22,Pembersihan,Pak Budi,Maintenance
M0222,M35,2024-11-21,Pembersihan,Pak Andi,Maintenance
M0223,M35,2023-03-19,Servis Rutin,Pak Budi,Maintenance
M0224,M35,2023-10-23,Penggantian Part,Pak Andi,Maintenance
M0225,M35,2023-12-02,Penggantian Part,Pak Budi,Maintenance
M0226,M35,2024-09-02,Penggantian Part,Pak Budi,Maintenance
M0227,M35,2024-11-28,Pembersihan,Pak Andi,Maintenance
M0228,M35,2023-04-24,Servis Rutin,Pak Budi,Maintenance
M0229,M35,2024-03-07,Pembersihan,Pak Budi,Maintenance
M0230,M35,2023-09-17,Pembersihan,Pak Budi,Maintenance
M0231,M35,2023-11-30,Penggantian Part,Pak Deni,Maintenance
M0232,M35,2025-01-31,Perbaikan,Pak Andi,Maintenance
M0233,M35,2024-01-09,Servis Rutin,Pak Budi,Maintenance
M0234,M35,2026-01-04,Penggantian Part,Pak Deni,Maintenance
M0235,M36,2024-09-24,Servis Rutin,Pak Deni,Maintenance
M0236,M36,2025-06-14,Penggantian Part,Pak Andi,Maintenance
M0237,M36,2025-03-27,Penggantian Part,Pak Deni,Maintenance
M0238,M36,2024-04-27,Pembersihan,Pak Andi,Maintenance
M0239,M36,2023-09-20,Servis Rutin,Pak Budi,Maintenance
M0240,M36,2023-09-12,Penggantian Part,Pak Andi,Maintenance
M0241,M36,2025-02-20,Servis Rutin,Pak Andi,Maintenance
M0242,M36,2024-08-10,Perbaikan,Pak Deni,Maintenance
M0243,M36,2023-09-25,Pembersihan,Pak Deni,Maintenance
M0244,M36,2023-11-07,Pembersihan,Pak Deni,Maintenance
M0245,M36,2025-09-05,Servis Rutin,Pak Budi,Maintenance
M0246,M36,2024-04-22,Perbaikan,Pak Deni,Maintenance
M0247,M36,2025-02-22,Pembersihan,Pak Budi,Maintenance
M0248,M36,2024-11-30,Perbaikan,Pak Deni,Maintenance
M0249,M36,2024-03-13,Penggantian Part,Pak Andi,Maintenance
M0250,M39,2026-01-14,Servis Rutin,Pak Andi,Maintenance
M0251,M39,2025-01-07,Pembersihan,Pak Budi,Maintenance
M0252,M39,2024-05-01,Servis Rutin,Pak Andi,Maintenance
M0253,M39,2025-09-17,Perbaikan,Pak Andi,Maintenance
M0254,M39,2024-07-23,Pembersihan,Pak Deni,Maintenance
M0255,M39,2025-02-10,Perbaikan,Pak Deni,Maintenance
M0256,M40,2024-10-14,Pembersihan,Pak Andi,Maintenance
M0257,M40,2023-08-05,Servis Rutin,Pak Deni,Maintenance
M0258,M40,2025-10-15,Pembersihan,Pak Andi,Maintenance
M0259,M40,2023-10-21,Perbaikan,Pak Andi,Maintenance
M0260,M40,2025-05-24,Servis Rutin,Pak Budi,Maintenance
M0261,M40,2025-01-06,Penggantian Part,Pak Deni,Maintenance
M0262,M40,2023-05-27,Pembersihan,Pak Budi,Maintenance
M0263,M40,2023-07-18,Perbaikan,Pak Budi,Maintenance
M0264,M40,2023-08-25,Perbaikan,Pak Andi,Maintenance
M0265,M40,2024-03-14,Servis Rutin,Pak Deni,Maintenance
M0266,M40,2024-12-17,Perbaikan,Pak Andi,Maintenance
M0267,M40,2024-06-05,Perbaikan,Pak Andi,Maintenance
M0268,M40,2023-03-17,Servis Rutin,Pak Deni,Maintenance
M0269,M40,2024-01-12,Pembersihan,Pak Deni,Maintenance
M0270,M40,2024-07-15,Penggantian Part,Pak Deni,Maintenance
M0271,M40,2025-02-07,Perbaikan,Pak Andi,Maintenance
M0272,M40,2023-04-14,Perbaikan,Pak Deni,Maintenance
M0273,M40,2024-04-21,Servis Rutin,Pak Deni,Maintenance
M0274,M40,2024-01-20,Perbaikan,Pak Budi,Maintenance
M0275,M40,2024-07-27,Perbaikan,Pak Andi,Maintenance
M0276,M40,2023-05-13,Penggantian Part,Pak Deni,Maintenance
M0277,M40,2024-07-21,Servis Rutin,Pak Budi,Maintenance
M0278,M40,2025-01-16,Pembersihan,Pak Deni,Maintenance
M0279,M40,2025-12-22,Perbaikan,Pak Deni,Maintenance
M0280,M45,2025-02-14,Penggantian Part,Pak Budi,Maintenance
M0281,M45,2024-08-17,Perbaikan,Pak Deni,Maintenance
M0282,M45,2023-11-14,Servis Rutin,Pak Budi,Maintenance
M0283,M48,2024-11-09,Pembersihan,Pak Budi,Maintenance
M0284,M48,2025-05-22,Perbaikan,Pak Budi,Maintenance
M0285,M48,2024-12-26,Perbaikan,Pak Budi,Maintenance
M0286,M48,2024-02-18,Pembersihan,Pak Budi,Maintenance
M0287,M48,2025-04-08,Pembersihan,Pak Budi,Maintenance
M0288,M48,2023-08-27,Perbaikan,Pak Deni,Maintenance
M0289,M48,2024-06-16,Perbaikan,Pak Deni,Maintenance
M0290,M48,2024-05-12,Penggantian Part,Pak Deni,Maintenance
M0291,M48,2024-05-15,Servis Rutin,Pak Budi,Maintenance
M0292,M48,2023-05-23,Penggantian Part,Pak Deni,Maintenance
M0293,M48,2025-12-31,Pembersihan,Pak Budi,Maintenance
M0294,PT02,2024-02-16,Pembersihan,Pak Andi,Maintenance
M0295,PT02,2024-11-29,Pembersihan,Pak Deni,Maintenance
M0296,PT04,2024-08-04,Perbaikan,Pak Deni,Maintenance
M0297,PT04,2023-06-25,Servis Rutin,Pak Andi,Maintenance
M0298,PT04,2023-08-09,Penggantian Part,Pak Deni,Maintenance
M0299,PT04,2025-06-16,Pembersihan,Pak Andi,Maintenance
M0300,PT04,2024-05-20,Servis Rutin,Pak Budi,Maintenance
M0301,PT04,2025-03-07,Perbaikan,Pak Budi,Maintenance
M0302,PT14,2023-09-30,Servis Rutin,Pak Budi,Maintenance
M0303,PT14,2024-03-03,Pembersihan,Pak Budi,Maintenance
M0304,PT14,2023-04-18,Servis Rutin,Pak Budi,Maintenance
M0305,PT14,2023-07-11,Penggantian Part,Pak Andi,Maintenance
M0306,PT14,2024-03-07,Pembersihan,Pak Andi,Maintenance
M0307,PT14,2024-06-21,Servis Rutin,Pak Andi,Maintenance
M0308,PT14,2025-01-10,Penggantian Part,Pak Andi,Maintenance
M0309,PT14,2023-05-26,Pembersihan,Pak Andi,Maintenance
M0310,PT14,2023-08-10,Perbaikan,Pak Andi,Maintenance
M0311,PT14,2024-02-13,Pembersihan,Pak Budi,Maintenance
M0312,PT14,2023-08-28,Penggantian Part,Pak Budi,Maintenance
M0313,PT14,2024-12-19,Servis Rutin,Pak Budi,Maintenance
M0314,PT14,2024-07-05,Penggantian Part,Pak Andi,Maintenance
M0315,PT14,2023-07-06,Penggantian Part,Pak Andi,Maintenance
M0316,PT14,2024-09-15,Penggantian Part,Pak Andi,Maintenance
M0317,PT14,2024-05-26,Penggantian Part,Pak Andi,Maintenance
M0318,PT14,2023-10-10,Perbaikan,Pak Deni,Maintenance
M0319,PT14,2024-02-12,Perbaikan,Pak Budi,Maintenance
M0320,PT14,2025-12-12,Penggantian Part,Pak Deni,Maintenance
M0321,PT14,2025-04-10,Perbaikan,Pak Deni,Maintenance
M0322,PT14,2025-12-10,Servis Rutin,Pak Budi,Maintenance
M0323,PT14,2024-03-06,Penggantian Part,Pak Budi,Maintenance
M0324,PT14,2025-11-17,Pembersihan,Pak Deni,Maintenance
M0325,PT14,2025-03-04,Perbaikan,Pak Andi,Maintenance
M0326,PT14,2023-05-05,Penggantian Part,Pak Deni,Maintenance
M0327,PT14,2024-02-01,Penggantian Part,Pak Budi,Maintenance
M0328,PT14,2024-05-20,Penggantian Part,Pak Deni,Maintenance
M0329,PT14,2024-12-30,Servis Rutin,Pak Deni,Maintenance
M0330,PT14,2025-08-13,Pembersihan,Pak Deni,Maintenance
M0331,PT14,2024-10-16,Penggantian Part,Pak Deni,Maintenance
M0332,PT14,2023-09-26,Perbaikan,Pak Budi,Maintenance
M0333,PT14,2025-10-15,Perbaikan,Pak Budi,Maintenance
M0334,PT14,2025-04-15,Perbaikan,Pak Andi,Maintenance
M0335,PT14,2023-10-16,Pembersihan,Pak Deni,Maintenance
M0336,PT14,2023-03-10,Perbaikan,Pak Andi,Maintenance
M0337,PT14,2023-05-24,Pembersihan,Pak Deni,Maintenance
M0338,PT14,2025-06-15,Servis Rutin,Pak Budi,Maintenance
M0339,PT14,2024-03-21,Perbaikan,Pak Budi,Maintenance
M0340,PT14,2025-11-30,Perbaikan,Pak Budi,Maintenance
M0341,PT14,2025-11-29,Perbaikan,Pak Andi,Maintenance
M0342,PT14,2023-11-10,Servis Rutin,Pak Andi,Maintenance
M0343,PT14,2023-11-26,Penggantian Part,Pak Budi,Maintenance
M0344,PT14,2023-11-14,Servis Rutin,Pak Deni,Maintenance
M0345,PT14,2025-07-10,Pembersihan,Pak Deni,Maintenance
M0346,PT14,2025-03-16,Pembersihan,Pak Andi,Maintenance
M0347,PT14,2024-05-11,Penggantian Part,Pak Andi,Maintenance
M0348,PT14,2024-02-21,Perbaikan,Pak Budi,Maintenance
M0349,PT14,2024-05-29,Servis Rutin,Pak Budi,Maintenance
M0350,PT14,2024-11-18,Penggantian Part,Pak Andi,Maintenance
M0351,PT14,2024-08-14,Servis Rutin,Pak Deni,Maintenance
M0352,PT14,2025-12-08,Penggantian Part,Pak Budi,Maintenance
M0353,PT14,2023-11-03,Servis Rutin,Pak Andi,Maintenance
M0354,PT14,2023-03-31,Perbaikan,Pak Budi,Maintenance
M0355,PT14,2024-10-25,Servis Rutin,Pak Budi,Maintenance
M0356,PT14,2024-07-14,Servis Rutin,Pak Budi,Maintenance
M0357,PT14,2025-08-02,Pembersihan,Pak Andi,Maintenance
M0358,PT14,2025-06-16,Penggantian Part,Pak Budi,Maintenance
M0359,PT14,2025-06-25,Perbaikan,Pak Andi,Maintenance
M0360,PT14,2023-08-06,Perbaikan,Pak Budi,Maintenance
M0361,PT14,2023-10-11,Pembersihan,Pak Budi,Maintenance
M0362,PT17,2025-11-12,Servis Rutin,Pak Deni,Maintenance
M0363,PT17,2024-09-04,Penggantian Part,Pak Andi,Maintenance
M0364,PT17,2025-01-04,Pembersihan,Pak Deni,Maintenance
M0365,PT17,2025-06-11,Pembersihan,Pak Budi,Maintenance
M0366,PT17,2025-09-08,Pembersihan,Pak Deni,Maintenance
M0367,PT17,2025-06-19,Perbaikan,Pak Budi,Maintenance
M0368,PT17,2023-05-06,Perbaikan,Pak Budi,Maintenance
M0369,PT17,2024-01-08,Perbaikan,Pak Budi,Maintenance
M0370,PT26,2025-04-01,Pembersihan,Pak Budi,Maintenance
M0371,PT26,2024-11-17,Pembersihan,Pak Andi,Maintenance
M0372,PT27,2023-04-15,Penggantian Part,Pak Deni,Maintenance
M0373,PT27,2025-11-06,Servis Rutin,Pak Budi,Maintenance
M0374,PT27,2025-06-22,Pembersihan,Pak Deni,Maintenance
M0375,PT27,2024-08-21,Servis Rutin,Pak Deni,Maintenance
M0376,PT27,2023-10-29,Perbaikan,Pak Deni,Maintenance
M0377,PT27,2025-08-28,Penggantian Part,Pak Budi,Maintenance
M0378,PT27,2025-02-02,Penggantian Part,Pak Andi,Maintenance
M0379,PT27,2023-06-23,Servis Rutin,Pak Deni,Maintenance
M0380,PT27,2024-03-31,Perbaikan,Pak Deni,Maintenance
M0381,PT27,2025-11-02,Perbaikan,Pak Deni,Maintenance
M0382,PT27,2023-12-22,Perbaikan,Pak Andi,Maintenance
M0383,PT27,2025-10-22,Penggantian Part,Pak Deni,Maintenance
M0384,PT27,2023-11-14,Servis Rutin,Pak Deni,Maintenance
M0385,PT27,2023-04-18,Perbaikan,Pak Budi,Maintenance
M0386,PT27,2023-08-23,Penggantian Part,Pak Andi,Maintenance
M0387,PT27,2025-11-25,Penggantian Part,Pak Deni,Maintenance
M0388,PT27,2023-12-01,Perbaikan,Pak Budi,Maintenance
M0389,PT27,2025-01-04,Servis Rutin,Pak Budi,Maintenance
M0390,PT27,2025-12-19,Servis Rutin,Pak Deni,Maintenance
M0391,PT27,2023-04-05,Pembersihan,Pak Deni,Maintenance
M0392,PT27,2024-10-15,Pembersihan,Pak Budi,Maintenance
M0393,PT27,2024-01-01,Perbaikan,Pak Deni,Maintenance
M0394,PT27,2024-02-20,Pembersihan,Pak Budi,Maintenance
M0395,PT27,2024-05-07,Servis Rutin,Pak Budi,Maintenance
M0396,PT27,2025-08-30,Perbaikan,Pak Andi,Maintenance
M0397,PT27,2026-01-08,Servis Rutin,Pak Deni,Maintenance
M0398,PT27,2023-04-08,Pembersihan,Pak Andi,Maintenance
M0399,PT27,2024-10-22,Pembersihan,Pak Budi,Maintenance
M0400,PT27,2024-12-30,Penggantian Part,Pak Budi,Maintenance
M0401,PT27,2024-06-21,Perbaikan,Pak Budi,Maintenance
M0402,PT27,2023-06-09,Perbaikan,Pak Andi,Maintenance
M0403,PT27,2025-08-26,Penggantian Part,Pak Budi,Maintenance
M0404,PT27,2025-07-18,Perbaikan,Pak Deni,Maintenance
M0405,PT27,2025-10-02,Servis Rutin,Pak Andi,Maintenance
M0406,PT27,2025-03-24,Pembersihan,Pak Deni,Maintenance
M0407,PT34,2024-07-18,Perbaikan,Pak Andi,Maintenance
M0408,PT47,2025-09-06,Penggantian Part,Pak Andi,Maintenance
M0409,PT48,2023-08-04,Penggantian Part,Pak Budi,Maintenance
M0410,PT48,2023-11-15,Perbaikan,Pak Andi,Maintenance
M0411,PT51,2024-11-15,Perbaikan,Pak Andi,Maintenance
M0412,PT51,2024-01-14,Perbaikan,Pak Budi,Maintenance
M0413,PT52,2025-10-09,Penggantian Part,Pak Andi,Maintenance
M0414,PT52,2023-06-20,Pembersihan,Pak Budi,Maintenance
M0415,PT71,2023-05-01,Penggantian Part,Pak Andi,Maintenance
M0416,PT71,2024-09-30,Pembersihan,Pak Deni,Maintenance
M0417,PT71,2025-03-12,Servis Rutin,Pak Deni,Maintenance
M0418,PT71,2024-01-05,Penggantian Part,Pak Budi,Maintenance
M0419,PT71,2025-05-17,Servis Rutin,Pak Deni,Maintenance
M0420,PT71,2023-04-16,Perbaikan,Pak Andi,Maintenance
M0421,PT71,2023-04-27,Perbaikan,Pak Andi,Maintenance
M0422,PT71,2025-04-06,Servis Rutin,Pak Deni,Maintenance
M0423,PT71,2025-11-21,Perbaikan,Pak Deni,Maintenance
M0424,PT71,2025-08-02,Penggantian Part,Pak Deni,Maintenance
M0425,PT71,2024-03-31,Penggantian Part,Pak Andi,Maintenance
M0426,PT71,2024-01-07,Perbaikan,Pak Budi,Maintenance
M0427,PT71,2025-05-19,Servis Rutin,Pak Andi,Maintenance
M0428,PT71,2025-05-18,Servis Rutin,Pak Budi,Maintenance
M0429,PT71,2024-05-23,Penggantian Part,Pak Deni,Maintenance
M0430,PT71,2025-11-10,Perbaikan,Pak Budi,Maintenance
M0431,PT71,2023-06-08,Servis Rutin,Pak Andi,Maintenance
M0432,PT71,2024-09-06,Perbaikan,Pak Budi,Maintenance
M0433,PT71,2024-07-03,Penggantian Part,Pak Budi,Maintenance
M0434,PT71,2025-08-08,Perbaikan,Pak Andi,Maintenance
M0435,PT71,2025-06-02,Penggantian Part,Pak Budi,Maintenance
M0436,PT71,2023-12-06,Penggantian Part,Pak Budi,Maintenance
M0437,PT71,2025-06-20,Penggantian Part,Pak Deni,Maintenance
M0438,PT71,2025-02-24,Penggantian Part,Pak Andi,Maintenance
M0439,PT71,2023-03-27,Perbaikan,Pak Deni,Maintenance
M0440,PT86,2024-08-15,Penggantian Part,Pak Budi,Maintenance
M0441,PT86,2025-01-01,Penggantian Part,Pak Deni,Maintenance
M0442,PT86,2023-03-18,Perbaikan,Pak Budi,Maintenance
M0443,PT86,2025-05-06,Perbaikan,Pak Budi,Maintenance
M0444,PT86,2024-09-01,Pembersihan,Pak Andi,Maintenance
M0445,PT86,2025-03-22,Perbaikan,Pak Andi,Maintenance
M0446,PT86,2024-12-05,Perbaikan,Pak Andi,Maintenance
M0447,PT86,2025-01-06,Perbaikan,Pak Andi,Maintenance
M0448,PT86,2025-11-12,Perbaikan,Pak Budi,Maintenance
M0449,PT86,2024-05-19,Pembersihan,Pak Andi,Maintenance
M0450,PT86,2023-05-09,Perbaikan,Pak Andi,Maintenance
M0451,PT87,2025-09-29,Penggantian Part,Pak Andi,Maintenance
M0452,PT87,2024-10-21,Pembersihan,Pak Budi,Maintenance
M0453,PT87,2023-10-19,Perbaikan,Pak Budi,Maintenance
M0454,PT87,2023-11-06,Pembersihan,Pak Deni,Maintenance
M0455,PT87,2025-08-14,Pembersihan,Pak Budi,Maintenance
M0456,PT87,2023-10-12,Penggantian Part,Pak Andi,Maintenance
M0457,PT87,2026-01-21,Penggantian Part,Pak Andi,Maintenance
M0458,PT87,2023-07-09,Penggantian Part,Pak Andi,Maintenance
M0459,PT87,2024-11-21,Penggantian Part,Pak Andi,Maintenance
M0460,PT87,2025-03-28,Servis Rutin,Pak Budi,Maintenance
M0461,PT87,2024-01-17,Perbaikan,Pak Deni,Maintenance
M0462,PT87,2024-01-23,Servis Rutin,Pak Budi,Maintenance
M0463,PT87,2025-06-12,Penggantian Part,Pak Budi,Maintenance
M0464,PT87,2024-10-26,Servis Rutin,Pak Budi,Maintenance
M0465,PT90,2023-03-29,Perbaikan,Pak Budi,Maintenance
M0466,PT90,2025-09-29,Servis Rutin,Pak Deni,Maintenance
M0467,PT90,2024-02-19,Penggantian Part,Pak Deni,Maintenance
M0468,PT90,2023-03-29,Penggantian Part,Pak Andi,Maintenance
M0469,PT90,2024-12-14,Servis Rutin,Pak Deni,Maintenance
M0470,PT96,2025-06-11,Perbaikan,Pak Deni,Maintenance
M0471,PT96,2024-07-18,Perbaikan,Pak Budi,Maintenance
M0472,PT96,2025-06-10,Pembersihan,Pak Deni,Maintenance
M0473,PT96,2025-07-05,Perbaikan,Pak Budi,Maintenance
M0474,PT96,2025-05-14,Penggantian Part,Pak Budi,Maintenance
M0475,PT96,2025-03-30,Pembersihan,Pak Budi,Maintenance
M0476,PT114,2023-11-22,Pembersihan,Pak Deni,Maintenance
M0477,PT129,2023-06-09,Pembersihan,Pak Andi,Maintenance
M0478,PT129,2025-01-20,Pembersihan,Pak Budi,Maintenance
M0479,PT129,2025-07-08,Servis Rutin,Pak Deni,Maintenance
M0480,PT129,2023-04-07,Servis Rutin,Pak Andi,Maintenance
M0481,PT129,2025-09-13,Perbaikan,Pak Andi,Maintenance
M0482,PT129,2025-03-06,Pembersihan,Pak Deni,Maintenance
M0483,PT129,2025-04-11,Pembersihan,Pak Deni,Maintenance
M0484,PT129,2025-09-06,Pembersihan,Pak Deni,Maintenance
M0485,PT129,2024-01-26,Perbaikan,Pak Budi,Maintenance
M0486,PT131,2025-01-25,Penggantian Part,Pak Andi,Maintenance
M0487,PT133,2025-05-29,Servis Rutin,Pak Deni,Maintenance
M0488,PT133,2023-05-08,Servis Rutin,Pak Andi,Maintenance
M0489,PT133,2023-09-16,Servis Rutin,Pak Andi,Maintenance
M0490,PT133,2023-09-28,Servis Rutin,Pak Andi,Maintenance
M0491,PT133,2025-07-31,Servis Rutin,Pak Budi,Maintenance
M0492,PT133,2024-09-01,Pembersihan,Pak Andi,Maintenance
M0493,PT133,2023-11-11,Servis Rutin,Pak Andi,Maintenance
M0494,PT133,2025-02-25,Servis Rutin,Pak Deni,Maintenance
M0495,PT133,2024-12-08,Servis Rutin,Pak Andi,Maintenance
M0496,PT133,2024-06-13,Servis Rutin,Pak Andi,Maintenance
M0497,PT133,2025-01-28,Penggantian Part,Pak Andi,Maintenance
M0498,PT133,2025-05-12,Pembersihan,Pak Deni,Maintenance
M0499,PT133,2023-09-30,Servis Rutin,Pak Budi,Maintenance
M0500,PT133,2025-11-02,Pembersihan,Pak Andi,Maintenance
M0501,PT133,2024-07-28,Perbaikan,Pak Budi,Maintenance
M0502,PT141,2024-04-04,Penggantian Part,Pak Budi,Maintenance
M0503,PT141,2025-11-27,Pembersihan,Pak Andi,Maintenance
M0504,PT151,2025-09-14,Servis Rutin,Pak Budi,Maintenance
M0505,PT151,2023-03-17,Penggantian Part,Pak Deni,Maintenance
M0506,PT151,2024-01-20,Penggantian Part,Pak Budi,Maintenance
M0507,PT151,2024-08-27,Servis Rutin,Pak Budi,Maintenance
M0508,PT151,2025-06-19,Perbaikan,Pak Budi,Maintenance
M0509,PT151,2025-07-06,Servis Rutin,Pak Andi,Maintenance
M0510,PT152,2023-10-08,Penggantian Part,Pak Budi,Maintenance
M0511,PT152,2024-10-12,Penggantian Part,Pak Deni,Maintenance
M0512,PT173,2025-05-21,Perbaikan,Pak Deni,Maintenance
M0513,PT173,2024-06-05,Pembersihan,Pak Andi,Maintenance
M0514,PT173,2024-07-18,Perbaikan,Pak Deni,Maintenance
M0515,PT173,2025-05-22,Penggantian Part,Pak Andi,Maintenance
M0516,PT173,2025-11-15,Pembersihan,Pak Andi,Maintenance
M0517,PT173,2023-11-28,Perbaikan,Pak Andi,Maintenance
M0518,PT173,2024-07-08,Servis Rutin,Pak Budi,Maintenance
M0519,PT173,2024-07-14,Penggantian Part,Pak Budi,Maintenance
M0520,PT173,2023-12-13,Servis Rutin,Pak Andi,Maintenance
M0521,PT173,2023-07-15,Servis Rutin,Pak Deni,Maintenance
M0522,PT173,2024-01-14,Servis Rutin,Pak Andi,Maintenance
M0523,PT173,2023-05-25,Penggantian Part,Pak Andi,Maintenance
M0524,PT173,2023-04-22,Servis Rutin,Pak Deni,Maintenance
M0525,PT173,2024-05-06,Servis Rutin,Pak Deni,Maintenance
M0526,PT173,2023-06-08,Perbaikan,Pak Deni,Maintenance
M0527,PT173,2024-04-06,Servis Rutin,Pak Deni,Maintenance
M0528,PT173,2024-04-18,Penggantian Part,Pak Budi,Maintenance
M0529,PT173,2025-01-05,Penggantian Part,Pak Budi,Maintenance
M0530,PT173,2023-05-23,Penggantian Part,Pak Andi,Maintenance
M0531,PR36,2025-10-23,Penggantian Part,Pak Budi,Maintenance
M0532,PR36,2024-07-24,Pembersihan,Pak Deni,Maintenance
M0533,PR36,2023-10-12,Perbaikan,Pak Andi,Maintenance
M0534,PR36,2025-02-15,Penggantian Part,Pak Budi,Maintenance
M0535,PR36,2025-04-08,Penggantian Part,Pak Deni,Maintenance
M0536,PR36,2025-09-10,Pembersihan,Pak Deni,Maintenance
M0537,PR36,2023-10-08,Servis Rutin,Pak Andi,Maintenance
M0538,PR36,2024-05-01,Perbaikan,Pak Budi,Maintenance
M0539,PR36,2025-11-30,Perbaikan,Pak Deni,Maintenance
M0540,PR36,2025-06-27,Servis Rutin,Pak Budi,Maintenance
M0541,PR36,2023-12-05,Perbaikan,Pak Andi,Maintenance
M0542,PR39,2026-01-11,Pembersihan,Pak Andi,Maintenance
M0543,PR42,2024-03-14,Penggantian Part,Pak Deni,Maintenance
M0544,PR42,2025-03-15,Penggantian Part,Pak Budi,Maintenance
M0545,PR42,2024-03-13,Perbaikan,Pak Andi,Maintenance
M0546,PR42,2024-06-08,Servis Rutin,Pak Andi,Maintenance
M0547,PR50,2023-05-02,Penggantian Part,Pak Andi,Maintenance
M0548,PR50,2025-03-07,Penggantian Part,Pak Deni,Maintenance
M0549,PR51,2024-06-18,Penggantian Part,Pak Andi,Maintenance
M0550,PR51,2023-04-22,Perbaikan,Pak Andi,Maintenance
M0551,PR51,2024-04-12,Penggantian Part,Pak Andi,Maintenance
M0552,PR51,2024-12-27,Pembersihan,Pak Deni,Maintenance
M0553,PR51,2025-07-23,Penggantian Part,Pak Deni,Maintenance
M0554,PR51,2025-11-26,Perbaikan,Pak Deni,Maintenance
M0555,PR51,2024-03-14,Penggantian Part,Pak Deni,Maintenance
M0556,PR51,2025-04-13,Penggantian Part,Pak Budi,Maintenance
M0557,PR51,2024-05-28,Perbaikan,Pak Andi,Maintenance
M0558,PR56,2023-10-20,Pembersihan,Pak Andi,Maintenance
M0559,PR56,2025-05-01,Penggantian Part,Pak Deni,Maintenance
M0560,PR56,2023-06-27,Penggantian Part,Pak Deni,Maintenance
M0561,PR56,2024-01-18,Penggantian Part,Pak Deni,Maintenance
M0562,PR56,2023-12-09,Pembersihan,Pak Deni,Maintenance
M0563,PR56,2025-09-14,Servis Rutin,Pak Andi,Maintenance
M0564,PR56,2024-02-02,Perbaikan,Pak Andi,Maintenance
M0565,PR56,2023-06-13,Perbaikan,Pak Deni,Maintenance
M0566,PR56,2025-04-08,Servis Rutin,Pak Andi,Maintenance
M0567,PR56,2025-04-01,Servis Rutin,Pak Budi,Maintenance
M0568,PR56,2024-03-13,Perbaikan,Pak Andi,Maintenance
M0569,PR56,2025-02-10,Penggantian Part,Pak Andi,Maintenance
M0570,PR62,2024-05-17,Pembersihan,Pak Deni,Maintenance
M0571,PR62,2025-12-24,Servis Rutin,Pak Deni,Maintenance
M0572,PR62,2025-03-18,Penggantian Part,Pak Deni,Maintenance
M0573,PR62,2023-11-12,Penggantian Part,Pak Budi,Maintenance
M0574,PR62,2024-07-22,Servis Rutin,Pak Budi,Maintenance
M0575,PR62,2025-04-23,Perbaikan,Pak Budi,Maintenance
M0576,PR66,2024-05-10,Perbaikan,Pak Andi,Maintenance
M0577,PR66,2025-04-02,Perbaikan,Pak Deni,Maintenance
M0578,PD01,2025-05-15,Penggantian Part,Pak Deni,Maintenance
M0579,PD01,2024-09-11,Perbaikan,Pak Andi,Maintenance
M0580,PD01,2025-05-30,Pembersihan,Pak Deni,Maintenance
M0581,PD01,2024-02-11,Servis Rutin,Pak Andi,Maintenance
M0582,PD01,2025-03-17,Penggantian Part,Pak Budi,Maintenance
M0583,PD01,2024-01-02,Perbaikan,Pak Budi,Maintenance
M0584,PD01,2025-12-27,Pembersihan,Pak Budi,Maintenance
M0585,PD01,2024-04-08,Perbaikan,Pak Budi,Maintenance
M0586,PD01,2025-04-16,Perbaikan,Pak Deni,Maintenance
M0587,PD01,2023-05-04,Servis Rutin,Pak Budi,Maintenance
M0588,PD01,2023-10-25,Perbaikan,Pak Andi,Maintenance
M0589,PD01,2025-10-24,Pembersihan,Pak Budi,Maintenance
M0590,PD01,2023-09-11,Penggantian Part,Pak Andi,Maintenance
M0591,PD01,2025-09-06,Pembersihan,Pak Budi,Maintenance
M0592,PD01,2023-10-03,Penggantian Part,Pak Andi,Maintenance
M0593,PD01,2024-11-19,Servis Rutin,Pak Deni,Maintenance
M0594,PD01,2023-04-22,Perbaikan,Pak Andi,Maintenance
M0595,PD01,2025-11-23,Servis Rutin,Pak Budi,Maintenance
M0596,PD01,2023-04-25,Perbaikan,Pak Budi,Maintenance
M0597,PD01,2025-05-06,Servis Rutin,Pak Deni,Maintenance
M0598,PD01,2025-06-22,Servis Rutin,Pak Deni,Maintenance
M0599,PD01,2025-07-02,Servis Rutin,Pak Deni,Maintenance
M0600,PD01,2023-03-22,Pembersihan,Pak Deni,Maintenance
M0601,PD01,2023-09-08,Penggantian Part,Pak Deni,Maintenance
M0602,PD01,2024-03-30,Penggantian Part,Pak Deni,Maintenance
M0603,PD01,2024-09-17,Penggantian Part,Pak Andi,Maintenance
M0604,PD01,2024-09-24,Servis Rutin,Pak Andi,Maintenance
M0605,PD01,2023-10-18,Pembersihan,Pak Budi,Maintenance
M0606,PD01,2024-02-17,Pembersihan,Pak Budi,Maintenance
M0607,PD01,2024-05-12,Penggantian Part,Pak Budi,Maintenance
M0608,PD01,2024-12-23,Servis Rutin,Pak Budi,Maintenance
M0609,PD01,2023-07-08,Pembersihan,Pak Deni,Maintenance
M0610,PD01,2024-11-15,Servis Rutin,Pak Deni,Maintenance
M0611,PD01,2023-10-09,Servis Rutin,Pak Deni,Maintenance
M0612,PD01,2024-02-20,Pembersihan,Pak Deni,Maintenance
M0613,PD01,2025-07-06,Pembersihan,Pak Budi,Maintenance
M0614,PD01,2025-12-09,Pembersihan,Pak Budi,Maintenance
M0615,PD01,2026-01-18,Pembersihan,Pak Andi,Maintenance
M0616,PD01,2024-02-26,Perbaikan,Pak Budi,Maintenance
M0617,PD01,2024-12-27,Penggantian Part,Pak Budi,Maintenance
M0618,PD01,2023-06-07,Penggantian Part,Pak Deni,Maintenance
M0619,PD01,2025-06-16,Perbaikan,Pak Deni,Maintenance
M0620,PD01,2023-05-01,Pembersihan,Pak Deni,Maintenance
M0621,PD01,2025-12-04,Perbaikan,Pak Andi,Maintenance
M0622,PD01,2024-03-26,Pembersihan,Pak Deni,Maintenance
M0623,PD01,2024-01-31,Perbaikan,Pak Andi,Maintenance
M0624,PD14,2025-07-08,Pembersihan,Pak Andi,Maintenance
M0625,PD19,2024-07-15,Pembersihan,Pak Deni,Maintenance
M0626,PD19,2024-10-05,Penggantian Part,Pak Andi,Maintenance
M0627,PD19,2025-01-16,Servis Rutin,Pak Budi,Maintenance
M0628,PD19,2024-04-05,Penggantian Part,Pak Andi,Maintenance
M0629,PD19,2024-11-23,Servis Rutin,Pak Deni,Maintenance
M0630,PD19,2023-06-24,Penggantian Part,Pak Andi,Maintenance
M0631,PD20,2023-08-29,Pembersihan,Pak Andi,Maintenance
M0632,PD28,2025-06-21,Pembersihan,Pak Andi,Maintenance
M0633,PD45,2026-01-21,Perbaikan,Pak Deni,Maintenance
M0634,PD45,2025-08-06,Pembersihan,Pak Andi,Maintenance
M0635,PD45,2024-01-12,Penggantian Part,Pak Andi,Maintenance
M0636,PD45,2025-06-01,Penggantian Part,Pak Andi,Maintenance
M0637,PD45,2025-01-29,Penggantian Part,Pak Deni,Maintenance
M0638,PD45,2023-07-06,Servis Rutin,Pak Andi,Maintenance
M0639,PD45,2025-06-04,Perbaikan,Pak Deni,Maintenance
M0640,PD45,2025-06-29,Servis Rutin,Pak Andi,Maintenance
M0641,PD45,2023-04-14,Servis Rutin,Pak Deni,Maintenance
M0642,PD45,2024-05-16,Perbaikan,Pak Deni,Maintenance
M0643,PD45,2023-08-24,Servis Rutin,Pak Deni,Maintenance
M0644,PD45,2023-11-22,Perbaikan,Pak Andi,Maintenance
M0645,PD45,2024-07-01,Perbaikan,Pak Deni,Maintenance
M0646,PD45,2025-11-20,Pembersihan,Pak Budi,Maintenance
M0647,PD45,2025-07-19,Perbaikan,Pak Budi,Maintenance
M0648,PD45,2024-09-02,Penggantian Part,Pak Deni,Maintenance
M0649,PD45,2024-10-14,Pembersihan,Pak Deni,Maintenance
M0650,PD45,2023-05-22,Penggantian Part,Pak Andi,Maintenance
M0651,PD45,2025-04-22,Servis Rutin,Pak Andi,Maintenance
M0652,PD45,2025-01-20,Servis Rutin,Pak Deni,Maintenance
M0653,PD45,2025-01-17,Pembersihan,Pak Budi,Maintenance
M0654,PD51,2024-08-17,Penggantian Part,Pak Budi,Maintenance
M0655,PD51,2024-11-28,Perbaikan,Pak Budi,Maintenance
M0656,PD51,2024-10-25,Perbaikan,Pak Deni,Maintenance
M0657,PD51,2023-10-11,Penggantian Part,Pak Andi,Maintenance
M0658,PD51,2023-03-11,Pembersihan,Pak Deni,Maintenance
M0659,PD51,2024-05-20,Servis Rutin,Pak Budi,Maintenance
M0660,PD51,2024-12-12,Penggantian Part,Pak Deni,Maintenance
M0661,PD51,2023-10-15,Penggantian Part,Pak Budi,Maintenance
M0662,PD51,2025-11-13,Servis Rutin,Pak Andi,Maintenance
M0663,PD51,2025-08-25,Penggantian Part,Pak Andi,Maintenance
M0664,PD51,2024-08-08,Pembersihan,Pak Deni,Maintenance
M0665,PD51,2023-09-12,Penggantian Part,Pak Budi,Maintenance
M0666,PD51,2025-02-03,Pembersihan,Pak Deni,Maintenance
M0667,PD51,2025-05-13,Pembersihan,Pak Budi,Maintenance
M0668,PD51,2025-09-25,Servis Rutin,Pak Deni,Maintenance
M0669,PD51,2025-10-22,Perbaikan,Pak Budi,Maintenance
M0670,PD51,2023-10-15,Perbaikan,Pak Budi,Maintenance
M0671,PD51,2025-02-12,Servis Rutin,Pak Andi,Maintenance
M0672,PD51,2024-09-23,Perbaikan,Pak Deni,Maintenance
M0673,PD51,2024-11-04,Penggantian Part,Pak Andi,Maintenance
M0674,PD51,2025-07-22,Penggantian Part,Pak Andi,Maintenance
M0675,PD51,2024-01-18,Perbaikan,Pak Andi,Maintenance
M0676,PD51,2023-08-12,Pembersihan,Pak Andi,Maintenance
M0677,PD51,2024-05-28,Pembersihan,Pak Budi,Maintenance
M0678,PD61,2025-05-07,Penggantian Part,Pak Budi,Maintenance
M0679,PD61,2024-10-25,Servis Rutin,Pak Budi,Maintenance
M0680,PD61,2025-09-07,Pembersihan,Pak Budi,Maintenance
M0681,PD61,2024-10-18,Pembersihan,Pak Budi,Maintenance
M0682,PD65,2025-02-14,Perbaikan,Pak Budi,Maintenance
M0683,PD65,2024-10-21,Perbaikan,Pak Deni,Maintenance
M0684,PD65,2024-06-10,Pembersihan,Pak Andi,Maintenance
M0685,PD65,2023-10-14,Pembersihan,Pak Budi,Maintenance
M0686,PD65,2024-11-21,Servis Rutin,Pak Budi,Maintenance
M0687,PD65,2024-08-01,Servis Rutin,Pak Deni,Maintenance
M0688,PD65,2023-11-30,Pembersihan,Pak Andi,Maintenance
M0689,PD65,2024-10-18,Servis Rutin,Pak Andi,Maintenance
M0690,PD65,2024-09-08,Pembersihan,Pak Deni,Maintenance
M0691,PD65,2023-07-19,Pembersihan,Pak Budi,Maintenance
M0692,PD65,2025-02-27,Pembersihan,Pak Deni,Maintenance
M0693,PD65,2024-03-11,Servis Rutin,Pak Andi,Maintenance
M0694,PD65,2025-03-20,Penggantian Part,Pak Deni,Maintenance
M0695,PD65,2025-11-19,Servis Rutin,Pak Deni,Maintenance
M0696,PD65,2024-06-04,Servis Rutin,Pak Budi,Maintenance
M0697,PD65,2025-09-24,Pembersihan,Pak Budi,Maintenance
M0698,PD65,2023-04-26,Penggantian Part,Pak Deni,Maintenance
M0699,PD65,2025-03-07,Perbaikan,Pak Andi,Maintenance
M0700,PD65,2024-02-26,Servis Rutin,Pak Andi,Maintenance
M0701,PD65,2024-02-19,Servis Rutin,Pak Deni,Maintenance
M0702,PD65,2025-08-03,Penggantian Part,Pak Deni,Maintenance
M0703,PD65,2023-11-04,Pembersihan,Pak Budi,Maintenance
M0704,PD65,2023-07-12,Pembersihan,Pak Andi,Maintenance
M0705,PD65,2024-05-07,Perbaikan,Pak Budi,Maintenance
M0706,PD65,2025-07-05,Servis Rutin,Pak Deni,Maintenance
M0707,PD65,2023-08-23,Perbaikan,Pak Budi,Maintenance
M0708,PD65,2025-10-21,Perbaikan,Pak Deni,Maintenance
M0709,PD65,2023-12-27,Servis Rutin,Pak Andi,Maintenance
M0710,PD65,2025-02-13,Perbaikan,Pak Deni,Maintenance
M0711,PD65,2023-11-23,Perbaikan,Pak Andi,Maintenance
M0712,PD65,2024-09-01,Penggantian Part,Pak Deni,Maintenance
M0713,PD65,2024-01-08,Servis Rutin,Pak Budi,Maintenance
M0714,PD65,2023-07-06,Penggantian Part,Pak Deni,Maintenance
M0715,PD65,2025-01-28,Perbaikan,Pak Andi,Maintenance
M0716,PD65,2023-11-26,Penggantian Part,Pak Deni,Maintenance
M0717,PD65,2024-04-18,Perbaikan,Pak Deni,Maintenance
M0718,PD65,2025-06-08,Penggantian Part,Pak Deni,Maintenance
M0719,PD65,2024-11-17,Servis Rutin,Pak Andi,Maintenance
M0720,PD65,2025-12-04,Penggantian Part,Pak Deni,Maintenance
M0721,PD65,2024-10-14,Servis Rutin,Pak Budi,Maintenance
M0722,PD65,2024-10-20,Perbaikan,Pak Andi,Maintenance
M0723,PD65,2025-06-16,Perbaikan,Pak Andi,Maintenance
M0724,PD65,2025-05-18,Pembersihan,Pak Deni,Maintenance
M0725,PD65,2023-12-15,Servis Rutin,Pak Budi,Maintenance
M0726,PD65,2024-06-09,Perbaikan,Pak Budi,Maintenance
M0727,PD65,2024-06-13,Pembersihan,Pak Deni,Maintenance
M0728,PD65,2024-03-30,Perbaikan,Pak Andi,Maintenance
M0729,PD65,2025-07-12,Servis Rutin,Pak Andi,Maintenance
M0730,PD65,2023-03-24,Servis Rutin,Pak Deni,Maintenance
M0731,PD65,2024-01-05,Pembersihan,Pak Budi,Maintenance
M0732,PD65,2024-12-23,Perbaikan,Pak Andi,Maintenance
M0733,PD65,2025-02-03,Servis Rutin,Pak Andi,Maintenance
M0734,PD65,2024-01-15,Pembersihan,Pak Deni,Maintenance
M0735,PD65,2025-10-02,Penggantian Part,Pak Deni,Maintenance
M0736,PD65,2025-06-26,Perbaikan,Pak Andi,Maintenance
M0737,PD65,2023-04-11,Servis Rutin,Pak Budi,Maintenance
M0738,PD65,2025-09-24,Penggantian Part,Pak Andi,Maintenance
M0739,PD65,2025-08-26,Servis Rutin,Pak Deni,Maintenance
M0740,PD65,2024-09-04,Perbaikan,Pak Andi,Maintenance
M0741,PD65,2023-03-26,Penggantian Part,Pak Budi,Maintenance
M0742,PD65,2023-04-25,Pembersihan,Pak Andi,Maintenance
M0743,PD65,2023-06-14,Perbaikan,Pak Budi,Maintenance
M0744,PD65,2024-12-29,Servis Rutin,Pak Deni,Maintenance
M0745,PD65,2025-10-22,Servis Rutin,Pak Deni,Maintenance
M0746,PD65,2025-05-10,Perbaikan,Pak Budi,Maintenance
M0747,PD65,2024-10-05,Servis Rutin,Pak Budi,Maintenance
M0748,PD65,2025-11-03,Servis Rutin,Pak Budi,Maintenance
M0749,PD65,2025-08-21,Pembersihan,Pak Andi,Maintenance
M0750,PD65,2023-07-24,Servis Rutin,Pak Andi,Maintenance
M0751,PD65,2023-12-24,Penggantian Part,Pak Budi,Maintenance
M0752,PD65,2024-12-05,Penggantian Part,Pak Andi,Maintenance
M0753,PD65,2023-10-25,Penggantian Part,Pak Budi,Maintenance
M0754,PD65,2025-04-22,Pembersihan,Pak Deni,Maintenance
M0755,PD65,2024-06-29,Penggantian Part,Pak Andi,Maintenance
M0756,PD65,2023-08-12,Pembersihan,Pak Budi,Maintenance
M0757,PD65,2023-09-08,Perbaikan,Pak Andi,Maintenance
M0758,PD65,2024-09-24,Servis Rutin,Pak Budi,Maintenance
M0759,PD65,2024-03-15,Pembersihan,Pak Andi,Maintenance
M0760,PD65,2025-05-06,Penggantian Part,Pak Andi,Maintenance
M0761,PD65,2024-07-17,Perbaikan,Pak Budi,Maintenance
M0762,PD65,2024-12-03,Pembersihan,Pak Budi,Maintenance
M0763,PD65,2025-04-03,Penggantian Part,Pak Andi,Maintenance
M0764,PD65,2024-08-26,Perbaikan,Pak Deni,Maintenance
M0765,PD65,2024-08-21,Penggantian Part,Pak Budi,Maintenance
M0766,PD65,2024-03-28,Pembersihan,Pak Andi,Maintenance
M0767,PD65,2024-10-17,Pembersihan,Pak Deni,Maintenance
M0768,PD65,2024-05-14,Pembersihan,Pak Budi,Maintenance
M0769,PD65,2025-09-03,Servis Rutin,Pak Budi,Maintenance
M0770,PD65,2024-09-18,Penggantian Part,Pak Budi,Maintenance
M0771,PD65,2025-11-11,Pembersihan,Pak Andi,Maintenance
M0772,PD65,2025-12-27,Servis Rutin,Pak Budi,Maintenance
M0773,PD65,2023-10-11,Penggantian Part,Pak Andi,Maintenance
M0774,PD65,2025-11-18,Pembersihan,Pak Andi,Maintenance
M0775,PD65,2023-03-14,Servis Rutin,Pak Budi,Maintenance
M0776,PD65,2026-01-15,Servis Rutin,Pak Andi,Maintenance
M0777,PD65,2025-02-13,Servis Rutin,Pak Deni,Maintenance
M0778,PD65,2023-06-12,Perbaikan,Pak Andi,Maintenance
M0779,PD65,2024-11-28,Perbaikan,Pak Andi,Maintenance
M0780,PD65,2025-04-07,Penggantian Part,Pak Budi,Maintenance
M0781,PD65,2025-08-16,Servis Rutin,Pak Budi,Maintenance
M0782,PD65,2023-06-13,Perbaikan,Pak Andi,Maintenance
M0783,PD65,2024-08-26,Perbaikan,Pak Deni,Maintenance
M0784,PD65,2024-01-11,Perbaikan,Pak Andi,Maintenance
M0785,PD65,2024-01-27,Pembersihan,Pak Budi,Maintenance
M0786,PD65,2024-10-12,Penggantian Part,Pak Budi,Maintenance
M0787,PD65,2024-08-21,Penggantian Part,Pak Deni,Maintenance
M0788,PD65,2024-11-10,Penggantian Part,Pak Budi,Maintenance
M0789,PD65,2025-08-25,Perbaikan,Pak Deni,Maintenance
M0790,PD65,2025-11-16,Penggantian Part,Pak Budi,Maintenance
M0791,PD65,2023-07-01,Servis Rutin,Pak Deni,Maintenance
M0792,PD65,2024-05-30,Perbaikan,Pak Budi,Maintenance
M0793,PD65,2025-02-14,Penggantian Part,Pak Andi,Maintenance
M0794,PD66,2026-01-07,Servis Rutin,Pak Budi,Maintenance
M0795,PD66,2024-02-19,Perbaikan,Pak Andi,Maintenance
M0796,PD69,2025-05-10,Penggantian Part,Pak Andi,Maintenance
M0797,PD69,2025-07-09,Perbaikan,Pak Andi,Maintenance
M0798,PD69,2024-02-13,Perbaikan,Pak Andi,Maintenance
M0799,PD69,2025-08-28,Servis Rutin,Pak Budi,Maintenance
M0800,PD69,2024-10-04,Servis Rutin,Pak Andi,Maintenance
M0801,PD69,2023-04-22,Servis Rutin,Pak Andi,Maintenance
M0802,PD69,2023-07-25,Penggantian Part,Pak Andi,Maintenance
M0803,PD69,2024-11-18,Penggantian Part,Pak Budi,Maintenance
M0804,PD69,2025-06-27,Pembersihan,Pak Andi,Maintenance
M0805,PD69,2025-06-19,Perbaikan,Pak Andi,Maintenance
M0806,PD69,2025-07-25,Penggantian Part,Pak Deni,Maintenance
M0807,PD69,2025-03-28,Servis Rutin,Pak Budi,Maintenance
M0808,PD81,2024-12-25,Servis Rutin,Pak Andi,Maintenance
M0809,PD81,2024-08-12,Penggantian Part,Pak Andi,Maintenance
M0810,PD81,2025-01-09,Servis Rutin,Pak Deni,Maintenance
M0811,PD81,2024-08-06,Pembersihan,Pak Andi,Maintenance
M0812,PD81,2023-07-22,Pembersihan,Pak Budi,Maintenance
M0813,PD81,2025-01-09,Pembersihan,Pak Deni,Maintenance
